actually,https://www.handspeak.com/word/search/index.php?id=6010
address,https://www.handspeak.com/word/search/index.php?id=30
again,https://www.handspeak.com/word/search/index.php?id=51
aid,https://www.handspeak.com/word/search/index.php?id=2896
all,https://www.handspeak.com/word/search/index.php?id=60
angry,https://www.handspeak.com/word/search/index.php?id=81
answer,https://www.handspeak.com/word/search/index.php?id=90
approximately,https://www.handspeak.com/word/search/index.php?id=10087
ask,https://www.handspeak.com/word/search/index.php?id=117
aunt,https://www.handspeak.com/word/search/index.php?id=132
baby,https://www.handspeak.com/word/search/index.php?id=11
bathroom,https://www.handspeak.com/word/search/index.php?id=6715
bed,https://www.handspeak.com/word/search/index.php?id=175
beer,https://www.handspeak.com/word/search/index.php?id=2837
benefit,https://www.handspeak.com/word/search/index.php?id=186
better,https://www.handspeak.com/word/search/index.php?id=189
best,https://www.handspeak.com/word/search/index.php?id=188
big,https://www.handspeak.com/word/search/index.php?id=195
boy,https://www.handspeak.com/word/search/index.php?id=223
brother,https://www.handspeak.com/word/search/index.php?id=264
buy,https://www.handspeak.com/word/search/index.php?id=294
can,https://www.handspeak.com/word/search/index.php?id=307
child,https://www.handspeak.com/word/search/index.php?id=383
children,https://www.handspeak.com/word/search/index.php?id=384
city,https://www.handspeak.com/word/search/index.php?id=6249
class,https://www.handspeak.com/word/search/index.php?id=398
coffee,https://www.handspeak.com/word/search/index.php?id=415
cold,https://www.handspeak.com/word/search/index.php?id=416
come,https://www.handspeak.com/word/search/index.php?id=424
communicate,https://www.handspeak.com/word/search/index.php?id=435
context,https://www.handspeak.com/word/search/index.php?id=2700
cool,https://www.handspeak.com/word/search/index.php?id=478
cry,https://www.handspeak.com/word/search/index.php?id=3073
daughter,https://www.handspeak.com/word/search/index.php?id=536
deaf,https://www.handspeak.com/word/search/index.php?id=539
divorced,https://www.handspeak.com/word/search/index.php?id=595
dog,https://www.handspeak.com/word/search/index.php?id=602
enjoy,https://www.handspeak.com/word/search/index.php?id=673
family,https://www.handspeak.com/word/search/index.php?id=740
fast,https://www.handspeak.com/word/search/index.php?id=754
father,https://www.handspeak.com/word/search/index.php?id=758
feel,https://www.handspeak.com/word/search/index.php?id=768
fine,https://www.handspeak.com/word/search/index.php?id=793
forget,https://www.handspeak.com/word/search/index.php?id=4917
friend,https://www.handspeak.com/word/search/index.php?id=865
fun,https://www.handspeak.com/word/search/index.php?id=880
girl,https://www.handspeak.com/word/search/index.php?id=908
go,https://www.handspeak.com/word/search/index.php?id=918
grandma,https://www.handspeak.com/word/search/index.php?id=940
grandpa,https://www.handspeak.com/word/search/index.php?id=939
grow up,https://www.handspeak.com/word/search/index.php?id=5543
happy,https://www.handspeak.com/word/search/index.php?id=982
hard of hearing,https://www.handspeak.com/word/search/index.php?id=3999
have,https://www.handspeak.com/word/search/index.php?id=989
hearing,https://www.handspeak.com/word/search/index.php?id=1001
hello,https://www.handspeak.com/word/search/index.php?id=1015
help,https://www.handspeak.com/word/search/index.php?id=1017
here,https://www.handspeak.com/word/search/index.php?id=1023
home,https://www.handspeak.com/word/search/index.php?id=1046
house,https://www.handspeak.com/word/search/index.php?id=1066
how,https://www.handspeak.com/word/search/index.php?id=1067
how many,https://www.handspeak.com/word/search/index.php?id=2532
hurt,https://www.handspeak.com/word/search/index.php?id=1077
husband,https://www.handspeak.com/word/search/index.php?id=1080
if,https://www.handspeak.com/word/search/index.php?id=1096
in,https://www.handspeak.com/word/search/index.php?id=1112
insult,https://www.handspeak.com/word/search/index.php?id=1132
kiss,https://www.handspeak.com/word/search/index.php?id=1198
know,https://www.handspeak.com/word/search/index.php?id=1207
later,https://www.handspeak.com/word/search/index.php?id=5683
learn,https://www.handspeak.com/word/search/index.php?id=1250
lesson,https://www.handspeak.com/word/search/index.php?id=1262
like,https://www.handspeak.com/word/search/index.php?id=1276
live,https://www.handspeak.com/word/search/index.php?id=1290
love,https://www.handspeak.com/word/search/index.php?id=1316
love it,https://www.handspeak.com/word/search/index.php?id=3508
mad,https://www.handspeak.com/word/search/index.php?id=1329
man,https://www.handspeak.com/word/search/index.php?id=1339
married,https://www.handspeak.com/word/search/index.php?id=4574
mathematics,https://www.handspeak.com/word/search/index.php?id=3522
maybe,https://www.handspeak.com/word/search/index.php?id=1362
meaning,https://www.handspeak.com/word/search/index.php?id=1364
meet,https://www.handspeak.com/word/search/index.php?id=1371
more,https://www.handspeak.com/word/search/index.php?id=1433
mother,https://www.handspeak.com/word/search/index.php?id=1439
need,https://www.handspeak.com/word/search/index.php?id=1471
nice,https://www.handspeak.com/word/search/index.php?id=1491
no one,https://www.handspeak.com/word/search/index.php?id=10152
now,https://www.handspeak.com/word/search/index.php?id=1521
none,https://www.handspeak.com/word/search/index.php?id=1500
not,https://www.handspeak.com/word/search/index.php?id=1515
not yet,https://www.handspeak.com/word/search/index.php?id=2445
nowhere,https://www.signingsavvy.com/sign/NOWHERE/12891/1
oh i see,https://www.handspeak.com/word/search/index.php?id=2809
one half,https://www.handspeak.com/word/search/index.php?id=4413
our,https://www.handspeak.com/word/search/index.php?id=2670
parents,https://www.handspeak.com/word/search/index.php?id=1603
person,https://www.handspeak.com/word/search/index.php?id=1623
plus,https://www.handspeak.com/word/search/index.php?id=27
practice,https://www.handspeak.com/word/search/index.php?id=1696
remember,https://www.handspeak.com/word/search/index.php?id=1797
review,https://www.handspeak.com/word/search/index.php?id=1821
room,https://www.handspeak.com/word/search/index.php?id=1848
sad,https://www.handspeak.com/word/search/index.php?id=1866
same,https://www.handspeak.com/word/search/index.php?id=2628
scared,https://www.handspeak.com/word/search/index.php?id=1884
school,https://www.handspeak.com/word/search/index.php?id=1889
science,https://www.handspeak.com/word/search/index.php?id=1891
single,https://www.handspeak.com/word/search/index.php?id=1974
sister,https://www.handspeak.com/word/search/index.php?id=1977
slow,https://www.handspeak.com/word/search/index.php?id=1992
small,https://www.handspeak.com/word/search/index.php?id=970
so-so,https://www.handspeak.com/word/search/index.php?id=7810
sometimes,https://www.handspeak.com/word/search/index.php?id=2021
son,https://www.handspeak.com/word/search/index.php?id=2022
sorry,https://www.handspeak.com/word/search/index.php?id=2027
spell,https://www.handspeak.com/word/search/index.php?id=5221
steal,https://www.handspeak.com/word/search/index.php?id=2656
story,https://www.handspeak.com/word/search/index.php?id=2081
teach,https://www.handspeak.com/word/search/index.php?id=2155
teacher,https://www.handspeak.com/word/search/index.php?id=2156
that,https://www.handspeak.com/word/search/index.php?id=2782
theirs,https://www.handspeak.com/word/search/index.php?id=2715
there,https://www.handspeak.com/word/search/index.php?id=2773
think,https://www.handspeak.com/word/search/index.php?id=2201
today,https://www.handspeak.com/word/search/index.php?id=2939
toothbrush teeth,https://www.handspeak.com/word/search/index.php?id=4739
uncle,https://www.handspeak.com/word/search/index.php?id=2291
understand,https://www.handspeak.com/word/search/index.php?id=1250
vocabulary,https://www.handspeak.com/word/search/index.php?id=2330
want,https://www.handspeak.com/word/search/index.php?id=2347
we,https://www.handspeak.com/word/search/index.php?id=2364
what,https://www.handspeak.com/word/search/index.php?id=2383
when,https://www.handspeak.com/word/search/index.php?id=2390
where,https://www.handspeak.com/word/search/index.php?id=2391
which,https://www.handspeak.com/word/search/index.php?id=2393
why,https://www.handspeak.com/word/search/index.php?id=2399
wife,https://www.handspeak.com/word/search/index.php?id=2400
with,https://www.handspeak.com/word/search/index.php?id=2412
woman,https://www.handspeak.com/word/search/index.php?id=2415
work,https://www.handspeak.com/word/search/index.php?id=2423
year,https://www.handspeak.com/word/search/index.php?id=2439
